[{"authors":null,"categories":null,"content":"Hi! My name is Zhanhao Zhang, I‘m now a postgraduate majoring in Mechanical and Aerospace Engineering from Tandon College of New York University. The research project I’m doing now is about shock wave stand-off distance. The main purpose is to explore the difference between the reaction of the stand-off distance of hypersonic viscous flow to angle, sound velocity, temperature and other variables under non-equilibrium conditions and that under equilibrium conditions. Have high enthusiasm for new knowledge and new skills, accept opinions modestly, and strive to become a better researcher every day！\nNo small steps can lead to thousands of miles, no small streams can lead to rivers and seas！\n","date":-62135596800,"expirydate":-62135596800,"kind":"term","lang":"en","lastmod":1663484755,"objectID":"2525497d367e79493fd32b198b28f040","permalink":"","publishdate":"0001-01-01T00:00:00Z","relpermalink":"","section":"authors","summary":"Hi! My name is Zhanhao Zhang, I‘m now a postgraduate majoring in Mechanical and Aerospace Engineering from Tandon College of New York University. The research project I’m doing now is about shock wave stand-off distance.","tags":null,"title":"Zhanhao Zhang","type":"authors"},{"authors":["Zhanhao Zhang","吳恩達"],"categories":["Demo","教程"],"content":"Overview  The Wowchemy website builder for Hugo, along with its starter templates, is designed for professional creators, educators, and teams/organizations - although it can be used to create any kind of site The template can be modified and customised to suit your needs. It’s a good platform for anyone looking to take control of their data and online identity whilst having the convenience to start off with a no-code solution (write in Markdown and customize with YAML parameters) and having flexibility to later add even deeper personalization with HTML and CSS You can work with all your favourite tools and apps with hundreds of plugins and integrations to speed up your workflows, interact with your readers, and much more    \nGet Started  👉 Create a new site 📚 Personalize your site 💬 Chat with the Wowchemy community or Hugo community 🐦 Twitter: @wowchemy @GeorgeCushen #MadeWithWowchemy 💡 Request a feature or report a bug for Wowchemy ⬆️ Updating Wowchemy? View the Update Tutorial and Release Notes  Crowd-funded open-source software To help us develop this template and software sustainably under the MIT license, we ask all individuals and businesses that use it to help support its ongoing maintenance and development via sponsorship.\n❤️ Click here to become a sponsor and help support Wowchemy’s future ❤️ As a token of appreciation for sponsoring, you can unlock these awesome rewards and extra features 🦄✨\nEcosystem  Hugo Academic CLI: Automatically import publications from BibTeX  Inspiration Check out the latest demo of what you’ll get in less than 10 minutes, or view the showcase of personal, project, and business sites.\nFeatures  Page builder - Create anything with widgets and elements Edit any type of content - Blog posts, publications, talks, slides, projects, and more! Create content in Markdown, Jupyter, or RStudio Plugin System - Fully customizable color and font themes Display Code and Math - Code highlighting and LaTeX math supported Integrations - Google Analytics, Disqus commenting, Maps, Contact Forms, and more! Beautiful Site - Simple and refreshing one page design Industry-Leading SEO - Help get your website found on search engines and social media Media Galleries - Display your images and videos with captions in a customizable gallery Mobile Friendly - Look amazing on every screen with a mobile friendly version of your site Multi-language - 34+ language packs including English, 中文, and Português Multi-user - Each author gets their own profile page Privacy Pack - Assists with GDPR Stand Out - Bring your site to life with animation, parallax backgrounds, and scroll effects One-Click Deployment - No servers. No databases. Only files.  Themes Wowchemy and its templates come with automatic day (light) and night (dark) mode built-in. Alternatively, visitors can choose their preferred mode - click the moon icon in the top right of the Demo to see it in action! Day/night mode can also be disabled by the site admin in params.toml.\nChoose a stunning theme and font for your site. Themes are fully customizable.\nLicense Copyright 2016-present George Cushen.\nReleased under the MIT license.\n","date":1607817600,"expirydate":-62135596800,"kind":"page","lang":"en","lastmod":1660480015,"objectID":"279b9966ca9cf3121ce924dca452bb1c","permalink":"https://rainbow-muffin-13e315.netlify.app/post/getting-started/","publishdate":"2020-12-13T00:00:00Z","relpermalink":"/post/getting-started/","section":"post","summary":"Welcome 👋 We know that first impressions are important, so we've populated your new site with some initial content to help you get familiar with everything in no time.","tags":["Academic","开源"],"title":"Welcome to Wowchemy, the website builder for Hugo","type":"post"},{"authors":null,"categories":null,"content":"Lorem ipsum dolor sit amet, consectetur adipiscing elit. Duis posuere tellus ac convallis placerat. Proin tincidunt magna sed ex sollicitudin condimentum. Sed ac faucibus dolor, scelerisque sollicitudin nisi. Cras purus urna, suscipit quis sapien eu, pulvinar tempor diam. Quisque risus orci, mollis id ante sit amet, gravida egestas nisl. Sed ac tempus magna. Proin in dui enim. Donec condimentum, sem id dapibus fringilla, tellus enim condimentum arcu, nec volutpat est felis vel metus. Vestibulum sit amet erat at nulla eleifend gravida.\nNullam vel molestie justo. Curabitur vitae efficitur leo. In hac habitasse platea dictumst. Sed pulvinar mauris dui, eget varius purus congue ac. Nulla euismod, lorem vel elementum dapibus, nunc justo porta mi, sed tempus est est vel tellus. Nam et enim eleifend, laoreet sem sit amet, elementum sem. Morbi ut leo congue, maximus velit ut, finibus arcu. In et libero cursus, rutrum risus non, molestie leo. Nullam congue quam et volutpat malesuada. Sed risus tortor, pulvinar et dictum nec, sodales non mi. Phasellus lacinia commodo laoreet. Nam mollis, erat in feugiat consectetur, purus eros egestas tellus, in auctor urna odio at nibh. Mauris imperdiet nisi ac magna convallis, at rhoncus ligula cursus.\nCras aliquam rhoncus ipsum, in hendrerit nunc mattis vitae. Duis vitae efficitur metus, ac tempus leo. Cras nec fringilla lacus. Quisque sit amet risus at ipsum pharetra commodo. Sed aliquam mauris at consequat eleifend. Praesent porta, augue sed viverra bibendum, neque ante euismod ante, in vehicula justo lorem ac eros. Suspendisse augue libero, venenatis eget tincidunt ut, malesuada at lorem. Donec vitae bibendum arcu. Aenean maximus nulla non pretium iaculis. Quisque imperdiet, nulla in pulvinar aliquet, velit quam ultrices quam, sit amet fringilla leo sem vel nunc. Mauris in lacinia lacus.\nSuspendisse a tincidunt lacus. Curabitur at urna sagittis, dictum ante sit amet, euismod magna. Sed rutrum massa id tortor commodo, vitae elementum turpis tempus. Lorem ipsum dolor sit amet, consectetur adipiscing elit. Aenean purus turpis, venenatis a ullamcorper nec, tincidunt et massa. Integer posuere quam rutrum arcu vehicula imperdiet. Mauris ullamcorper quam vitae purus congue, quis euismod magna eleifend. Vestibulum semper vel augue eget tincidunt. Fusce eget justo sodales, dapibus odio eu, ultrices lorem. Duis condimentum lorem id eros commodo, in facilisis mauris scelerisque. Morbi sed auctor leo. Nullam volutpat a lacus quis pharetra. Nulla congue rutrum magna a ornare.\nAliquam in turpis accumsan, malesuada nibh ut, hendrerit justo. Cum sociis natoque penatibus et magnis dis parturient montes, nascetur ridiculus mus. Quisque sed erat nec justo posuere suscipit. Donec ut efficitur arcu, in malesuada neque. Nunc dignissim nisl massa, id vulputate nunc pretium nec. Quisque eget urna in risus suscipit ultricies. Pellentesque odio odio, tincidunt in eleifend sed, posuere a diam. Nam gravida nisl convallis semper elementum. Morbi vitae felis faucibus, vulputate orci placerat, aliquet nisi. Aliquam erat volutpat. Maecenas sagittis pulvinar purus, sed porta quam laoreet at.\n","date":1461715200,"expirydate":-62135596800,"kind":"page","lang":"en","lastmod":1650770445,"objectID":"e8f8d235e8e7f2efd912bfe865363fc3","permalink":"https://rainbow-muffin-13e315.netlify.app/project/example/","publishdate":"2016-04-27T00:00:00Z","relpermalink":"/project/example/","section":"project","summary":"An example of using the in-built project page.","tags":["Deep Learning"],"title":"Example Project","type":"project"},{"authors":["Zhanhao Zhang"],"categories":null,"content":" Click the Cite button above to demo the feature to enable visitors to import publication metadata into their reference management software.    Create your slides in Markdown - click the Slides button to check out the example.   Supplementary notes can be added here, including code, math, and images.\n","date":-62135596800,"expirydate":-62135596800,"kind":"page","lang":"en","lastmod":1663484612,"objectID":"ff6a19061a984819d30c916886db56ef","permalink":"https://rainbow-muffin-13e315.netlify.app/publication/example/","publishdate":"0001-01-01T00:00:00Z","relpermalink":"/publication/example/","section":"publication","summary":"Click the Cite button above to demo the feature to enable visitors to import publication metadata into their reference management software.    Create your slides in Markdown - click the Slides button to check out the example.","tags":[],"title":"Not at present but would be many in future","type":"publication"}]