<?xml version="1.0" encoding="utf-8" standalone="yes"?><rss version="2.0" xmlns:atom="http://www.w3.org/2005/Atom"><channel><title>Publication_types | Who is zzh - Zhang Zhanhao</title><link>https://rainbow-muffin-13e315.netlify.app/publication_types/</link><atom:link href="https://rainbow-muffin-13e315.netlify.app/publication_types/index.xml" rel="self" type="application/rss+xml"/><description>Publication_types</description><generator>Wowchemy (https://wowchemy.com)</generator><language>en-us</language><image><url>https://rainbow-muffin-13e315.netlify.app/media/icon_hu0b7a4cb9992c9ac0e91bd28ffd38dd00_9727_512x512_fill_lanczos_center_3.png</url><title>Publication_types</title><link>https://rainbow-muffin-13e315.netlify.app/publication_types/</link></image></channel></rss>